排名,板块名称,板块代码,最新价,涨跌额,涨跌幅,总市值,换手率,上涨家数,下跌家数,领涨股票,领涨股票-涨跌幅
1,洗护用品,BK1496,667.9,42.88,6.86,22636481000,2.6,4,0,两面针,10.05
2,医疗研发外包,BK1600,7551.86,484.94,6.86,697687696000,4.35,27,1,睿智医药,20.0
3,其他生物制品,BK1596,8343.48,399.46,5.03,687932192000,2.32,36,1,万泽股份,9.99
4,化学制剂,BK1594,4296.15,203.29,4.97,2213646912000,2.7,113,1,润都股份,10.02
5,集成电路制造,BK1329,2881.37,131.86,4.8,1180875920000,1.65,7,0,晶合集成,8.45
6,综合电力设备商,BK1323,1558.98,71.47,4.8,256601455000,1.34,2,0,东方电气,8.1
7,医美耗材,BK1500,1687.97,76.3,4.73,75216438000,0.74,3,0,锦波生物,9.53
8,玻纤制造,BK1462,11233.33,487.17,4.53,336902704000,4.25,7,1,山东玻纤,10.01
9,医疗服务,BK0727,1401.39,59.88,4.46,995675168000,2.44,49,3,睿智医药,20.0
10,化学制药,BK0465,39380.46,1657.98,4.4,2577760304000,2.74,157,3,津药药业,9.92
11,光伏加工设备,BK1317,8651.57,362.54,4.37,263146410000,4.66,11,0,拉普拉斯,11.17
12,生物制品,BK1044,1081.91,43.66,4.21,1031939776000,1.41,56,1,万泽股份,9.99
13,酒店,BK1560,2766.69,104.76,3.94,72944065000,1.81,6,0,锦江酒店,8.37
14,印制电路板,BK1340,8239.66,311.19,3.92,1613153088000,2.55,44,0,中京电子,10.03
15,宠物食品,BK1507,1829.81,66.91,3.8,37958029000,2.58,4,0,中宠股份,6.12
16,分立器件,BK1327,12984.02,474.29,3.79,452158384000,1.59,18,0,派瑞股份,10.8
17,食用菌,BK1517,1554.92,55.28,3.69,15982750000,2.02,3,0,华绿生物,11.28
18,元件,BK0459,39292.66,1363.87,3.6,1914459328000,2.55,60,3,中京电子,10.03
19,个护小家电,BK1458,937.28,31.05,3.43,21556890000,1.43,4,0,彩虹集团,5.99
20,医药生物,BK1216,4959.33,163.25,3.4,7165649408000,2.06,480,23,津药药业,9.92
21,游戏Ⅱ,BK1046,1470.66,46.1,3.24,508452496000,1.83,24,1,完美世界,10.02
22,游戏Ⅲ,BK1301,1470.66,46.1,3.24,508452496000,1.83,24,1,完美世界,10.02
23,氨纶,BK1412,2638.67,82.23,3.22,52553339000,0.72,1,0,华峰化学,3.22
24,航空运输,BK1479,1550.14,48.34,3.22,565386368000,0.92,8,0,中国东航,7.29
25,个护用品,BK1251,746.25,22.79,3.15,88100694000,1.51,13,0,两面针,10.05
26,房产租赁经纪,BK1341,1658.75,50.55,3.14,22441998000,2.65,2,1,宁波富达,10.08
27,其他自动化设备,BK1410,6529.64,193.84,3.06,259017819000,1.93,24,2,智立方,18.1
28,酒店餐饮,BK1271,2620.03,77.39,3.04,87106282000,1.76,10,0,锦江酒店,8.37
29,原料药,BK1595,3947.42,114.16,2.98,364113376000,2.89,44,2,津药药业,9.92
30,诊断服务,BK1602,5721.99,165.58,2.98,49339683000,1.92,5,0,迪安诊断,3.9
31,体外诊断,BK1603,3743.32,107.94,2.97,279121360000,1.57,38,2,九安医疗,10.0
32,疫苗,BK1598,4468.28,128.97,2.97,241414276000,1.23,14,0,智飞生物,6.08
33,集成电路封测,BK1328,6668.0,188.4,2.91,286913408000,1.9,13,0,甬矽电子,8.88
34,医疗美容,BK1253,1214.56,34.32,2.91,81311788000,1.17,3,1,锦波生物,9.53
35,镍,BK1622,7156.61,196.72,2.83,114543373000,2.42,1,0,华友钴业,2.83
36,被动元件,BK1339,8959.1,246.88,2.83,301306240000,2.55,16,3,晶赛科技,11.88
37,医疗设备,BK1605,6248.34,170.65,2.81,617549504000,1.46,42,1,海泰新光,10.88
38,钼,BK1623,1335.18,36.31,2.8,108968409000,2.53,1,1,金钼股份,2.74
39,光学元件,BK1334,13383.29,358.2,2.75,324010576000,1.7,24,2,波长光电,9.68
40,半导体,BK1036,2092.14,55.56,2.73,7529969408000,1.66,168,5,派瑞股份,10.8
41,激光设备,BK1409,13855.16,368.41,2.73,251648210000,2.5,10,0,杰普特,7.58
42,航运,BK1482,1637.22,43.4,2.72,735213632000,1.6,19,1,锦江航运,10.04
43,医疗器械,BK1041,1003.58,26.33,2.69,1368333440000,1.61,130,7,九安医疗,10.0
44,通信网络设备及器件,BK1591,12350.92,312.3,2.59,2202537536000,2.65,30,5,铭普光磁,10.02
45,半导体材料,BK1325,8284.56,207.81,2.57,579825248000,1.36,27,0,强一股份,6.61
46,数字芯片设计,BK1331,21575.82,533.51,2.54,3321352640000,1.94,48,3,芯原股份,8.75
47,清洁小家电,BK1459,2356.6,57.26,2.49,115544974000,1.15,7,0,富佳股份,5.31
48,玻璃玻纤,BK0546,59410.56,1418.33,2.45,404625520000,2.57,13,4,山东玻纤,10.01
49,航空机场,BK0420,4727.73,112.86,2.45,721198080000,0.85,12,1,中国东航,7.29
50,美容护理,BK1035,1025.94,24.48,2.44,297820272000,1.21,29,3,两面针,10.05
51,纺织鞋类制造,BK1347,508.75,11.99,2.41,52001520000,0.1,1,0,华利集团,2.41
52,医疗耗材,BK1604,4705.6,110.26,2.4,471662592000,1.77,50,4,康拓医疗,16.27
53,冰洗,BK1449,2116.0,49.02,2.37,250863068000,1.39,8,1,深康佳Ａ,6.1
54,钴,BK1620,1184.35,27.31,2.36,31257412000,1.71,2,0,腾远钴业,2.55
55,模拟芯片设计,BK1330,5554.66,128.13,2.36,495269568000,1.5,34,1,富满微,6.93
56,油气及炼化工程,BK1572,2095.78,48.15,2.35,84015406000,1.91,4,2,博迈科,10.01
57,自动化设备,BK1237,10004.57,228.69,2.34,1143709936000,1.38,81,4,智立方,18.1
58,磁性材料,BK1618,5425.08,123.19,2.32,173298352000,1.44,13,1,龙磁科技,8.76
59,半导体设备,BK1326,30269.1,684.91,2.32,1213574352000,1.16,21,1,中科飞测,4.4
60,电子,BK1201,10640.95,241.28,2.32,14613159680000,1.83,455,41,奥瑞德,10.0
61,铜,BK1615,3658.72,83.09,2.32,1896100816000,1.56,13,4,盛屯矿业,6.47
62,印染,BK1351,1594.15,34.11,2.19,17058930000,1.29,3,1,迎丰股份,4.71
63,白色家电,BK1239,3403.35,72.46,2.18,1077907152000,0.86,11,1,深康佳Ａ,6.1
64,保险Ⅲ,BK1358,1385.23,29.28,2.16,2986695168000,0.22,5,0,中国太保,3.26
65,保险Ⅱ,BK0474,1385.23,29.28,2.16,2986695168000,0.22,5,0,中国太保,3.26
66,橡胶助剂,BK1443,4039.68,84.49,2.14,36185949000,0.81,2,0,阳谷华泰,2.24
67,机器人,BK1408,8445.61,175.46,2.12,186054375000,0.96,18,1,绿的谐波,7.99
68,改性塑料,BK1437,6451.42,131.73,2.08,155389899000,1.39,20,2,星辉环材,20.0
69,文字媒体,BK1298,2905.05,58.41,2.05,30844680000,4.43,2,0,掌阅科技,2.15
70,自然景区,BK1563,3306.69,65.89,2.03,71056334000,1.95,12,1,九华旅游,5.94
71,合成树脂,BK1438,8570.09,169.36,2.02,157566938000,9.09,11,1,圣泉集团,6.21
72,贵金属,BK0732,2836.64,54.97,1.98,781224800000,2.45,10,3,赤峰黄金,4.91
73,黄金,BK1617,7321.4,141.94,1.98,645983456000,1.97,8,2,赤峰黄金,4.91
74,家纺,BK1353,4484.11,85.85,1.95,34987996000,1.11,6,1,真爱美家,7.53
75,品牌化妆品,BK1498,1509.49,28.91,1.95,96964116000,0.96,7,1,上海家化,5.89
76,其他黑色家电,BK1454,2973.77,56.74,1.95,47947674000,0.92,5,1,极米科技,5.84
77,白银,BK1616,5985.43,113.69,1.94,135195362000,4.26,2,1,兴业银锡,3.33
78,厨房电器,BK1451,9845.59,187.78,1.94,43145190000,2.54,5,1,亿田智能,10.14
79,其他电源设备Ⅱ,BK1034,3026.04,57.2,1.93,703985200000,1.54,28,3,东方电气,8.1
80,轮胎轮毂,BK1527,3178.7,60.01,1.92,265868914000,1.13,20,1,赛轮轮胎,6.84
81,小家电,BK1244,2424.35,45.73,1.92,219185935000,1.01,20,2,彩虹集团,5.99
82,中药Ⅲ,BK1608,1430.01,26.53,1.89,846937760000,1.43,61,4,益佰制药,10.1
83,非金属材料Ⅱ,BK1020,1918.45,35.62,1.89,103420776000,1.93,12,0,联瑞新材,4.71
84,非金属材料Ⅲ,BK1411,1918.45,35.62,1.89,103420776000,1.93,12,0,联瑞新材,4.71
85,消费电子零部件及组装,BK1338,12408.34,230.03,1.89,2713046496000,1.37,78,9,华勤技术,10.0
86,中药Ⅱ,BK1040,1430.01,26.53,1.89,846937760000,1.43,61,4,益佰制药,10.1
87,稀土,BK1626,9532.65,176.12,1.88,294094416000,1.78,4,0,中稀有色,2.56
88,血液制品,BK1597,5190.41,95.14,1.87,102593313000,0.39,6,0,博晖创新,2.74
89,其他专用设备,BK1405,5477.98,100.14,1.86,775077072000,1.69,82,9,汇成真空,20.0
90,其他电源设备Ⅲ,BK1322,8837.72,159.48,1.84,418630576000,1.74,22,3,恒运昌,7.61
91,纸包装,BK1535,2192.44,39.41,1.83,133074832000,3.75,16,5,大胜达,10.0
92,黑色家电,BK1241,4334.6,77.43,1.82,164608876000,1.06,8,1,极米科技,5.84
93,车身附件及饰件,BK1525,5608.84,99.67,1.81,536402656000,1.03,40,2,华懋科技,8.12
94,聚氨酯,BK1426,3861.76,67.91,1.79,298437360000,1.66,9,0,万华化学,4.3
95,消费电子,BK1037,1921.01,33.84,1.79,2996255504000,1.35,87,11,华勤技术,10.0
96,电子化学品Ⅲ,BK1332,2349.99,41.0,1.78,486252656000,2.38,30,4,思泉新材,8.04
97,电子化学品Ⅱ,BK1039,2349.99,41.0,1.78,486252656000,2.38,30,4,思泉新材,8.04
98,光伏辅材,BK1316,2875.96,49.88,1.76,199552891000,2.4,16,2,安彩高科,3.88
99,蓄电池及其他电池,BK1306,2658.52,45.66,1.75,97621644000,4.12,8,2,圣阳股份,9.99
100,特钢Ⅱ,BK1227,2324.12,39.65,1.74,220882439000,0.6,11,1,金洲管道,4.78
101,图片媒体,BK1297,3448.25,59.1,1.74,14305791000,2.23,1,0,视觉中国,1.74
102,特钢Ⅲ,BK1370,2324.12,39.65,1.74,220882439000,0.6,11,1,金洲管道,4.78
103,通信应用增值服务,BK1589,5088.39,87.05,1.74,299583280000,4.56,17,0,润泽科技,4.27
104,工控设备,BK1407,5698.41,96.69,1.73,446989520000,1.05,29,1,中控技术,5.48
105,横向通用软件,BK1448,7011.5,118.52,1.72,592980816000,1.1,34,1,鼎捷数智,3.92
106,光学光电子,BK1038,1967.09,33.35,1.72,1302355856000,1.82,82,14,奥瑞德,10.0
107,餐饮,BK1559,1686.51,28.28,1.71,14162216000,1.66,4,0,同庆楼,1.15
108,化妆品,BK1252,2189.55,36.81,1.71,128407790000,1.02,13,2,上海家化,5.89
109,旅游及景区,BK1272,3458.06,57.37,1.69,159247106000,1.72,21,5,岭南控股,5.95
110,文化用品,BK1542,3086.84,51.26,1.69,43420117000,0.68,5,0,齐心集团,2.33
111,家用电器,BK0456,24413.07,400.38,1.67,2032589328000,1.26,94,11,亿田智能,10.14
112,电机Ⅲ,BK1307,2565.34,41.78,1.66,284350544000,1.81,24,2,神力股份,9.98
113,电机Ⅱ,BK1030,2565.34,41.78,1.66,284350544000,1.81,24,2,神力股份,9.98
114,电工仪器仪表,BK1308,2868.84,46.78,1.66,95464333000,1.43,14,0,华盛昌,4.82
115,光伏主材,BK1318,14550.95,236.29,1.65,226259589000,1.15,3,0,弘元绿能,2.23
116,涤纶,BK1413,1897.88,30.81,1.65,84846046000,1.92,9,1,新凤鸣,5.91
117,通信设备,BK0448,21833.76,353.45,1.65,3280371856000,3.44,70,19,铭普光磁,10.02
118,人力资源服务,BK1568,2155.54,34.91,1.65,25626766000,0.57,2,1,科锐国际,3.33
119,制冷空调设备,BK1400,4323.16,70.13,1.65,144225996000,3.12,15,3,佳力图,10.01
120,旅游综合,BK1561,2121.61,34.41,1.65,48289592000,2.16,6,2,岭南控股,5.95
121,其他石化,BK1570,3360.07,53.93,1.63,125199756000,2.04,11,2,齐翔腾达,9.12
122,电商服务,BK1546,2348.34,37.7,1.63,44239268000,1.88,6,1,若羽臣,7.46
123,其他电子Ⅲ,BK1336,13285.83,211.83,1.62,383866720000,3.24,28,4,创益通,9.01
124,其他电子Ⅱ,BK1223,13285.83,211.83,1.62,383866720000,3.24,28,4,创益通,9.01
125,工程咨询服务Ⅱ,BK0726,854.98,13.6,1.62,224814575000,2.28,42,5,苏交科,7.52
126,工程咨询服务Ⅲ,BK1471,854.98,13.6,1.62,224814575000,2.28,42,5,苏交科,7.52
127,IT服务Ⅲ,BK1444,9135.27,145.64,1.62,1558903648000,2.58,110,24,美利云,9.99
128,IT服务Ⅱ,BK1238,9135.27,145.64,1.62,1558903648000,2.58,110,24,美利云,9.99
129,彩电,BK1453,4412.77,69.52,1.6,116615039000,1.1,3,0,海信视像,2.82
130,空调,BK1450,13066.78,204.13,1.59,827044080000,0.37,3,0,海信家电,3.85
131,通信,BK1215,7500.88,117.13,1.59,6387622400000,1.47,105,24,铭普光磁,10.02
132,房地产综合服务,BK1342,1948.86,30.57,1.59,5640978000,2.24,1,0,珠江股份,1.59
133,照明设备Ⅱ,BK1245,2684.88,41.63,1.57,85226484000,1.2,14,0,联域股份,4.39
134,照明设备Ⅲ,BK1460,2684.88,41.63,1.57,85226484000,1.2,14,0,联域股份,4.39
135,面板,BK1335,3005.83,46.08,1.56,701518272000,1.51,34,7,奥瑞德,10.0
136,塑料,BK0454,20363.4,312.97,1.56,664218672000,3.77,63,14,星辉环材,20.0
137,环保设备Ⅱ,BK1234,3562.08,54.29,1.55,156330301000,3.05,22,5,华宏科技,10.03
138,锂电专用设备,BK1304,25627.16,391.21,1.55,203280044000,1.54,16,2,骄成超声,9.13
139,环保设备Ⅲ,BK1387,3562.08,54.29,1.55,156330301000,3.05,22,5,华宏科技,10.03
140,医院,BK1601,7314.65,110.59,1.54,223092264000,1.52,13,1,盈康生命,3.96
141,通信终端及配件,BK1593,3941.46,59.68,1.54,384673392000,2.38,24,4,瑞斯康达,9.89
142,医药流通,BK1607,2292.58,34.7,1.54,258156140000,2.17,19,5,海王生物,9.87
143,塑料包装,BK1533,4625.81,69.68,1.53,42701149000,1.33,7,1,金富科技,6.29
144,纺织化学制品,BK1423,1516.64,22.82,1.53,100091699000,1.58,12,1,浙江龙盛,4.0
145,动物保健Ⅲ,BK1501,4720.01,71.15,1.53,70368990000,0.88,11,2,回盛生物,4.07
146,动物保健Ⅱ,BK1254,4720.01,71.15,1.53,70368990000,0.88,11,2,回盛生物,4.07
147,光伏设备,BK1031,1529.05,22.95,1.52,1772805648000,3.77,56,13,拉普拉斯,11.17
148,食品及饲料添加剂,BK1429,2557.33,38.19,1.52,303937216000,0.99,21,3,华恒生物,5.22
149,化学工程,BK1476,2766.32,41.04,1.51,82149934000,1.39,6,0,利柏特,2.44
150,视频媒体,BK1296,993.18,14.73,1.51,39116772000,0.66,1,0,芒果超媒,1.5
151,生活用纸,BK1495,1409.63,20.85,1.5,65464212000,1.24,9,0,延江股份,4.13
152,燃料电池,BK1305,388.14,5.72,1.5,6366884000,1.35,1,0,亿华通-U,1.5
153,其他化学制品,BK1428,4303.15,63.21,1.49,486828624000,1.86,68,11,凌玮科技,11.11
154,鞋帽及其他,BK1354,678.45,9.93,1.49,41217818000,1.39,9,2,天创时尚,3.79
155,其他酒类,BK1578,1572.98,23.01,1.48,69441347000,1.14,6,4,会稽山,9.98
156,其他专业工程,BK1477,4099.12,59.4,1.47,262512925000,2.93,15,5,柏诚股份,9.98
157,计算机,BK1207,8699.95,124.06,1.45,4537335552000,1.95,308,49,美利云,9.99
158,汽车零部件,BK0481,49307.03,703.68,1.45,2861674784000,1.48,226,39,华培动力,9.99
159,医药商业,BK1042,1215.82,17.4,1.45,345002928000,1.96,27,5,海王生物,9.87
160,通信服务,BK0736,1189.78,17.04,1.45,3107250656000,0.77,35,5,世纪鼎利,4.69
161,专用设备,BK0910,3603.82,51.34,1.45,1657314384000,1.43,173,28,卓郎智能,9.89
162,家电零部件Ⅱ,BK1242,5169.41,73.54,1.44,411649200000,1.99,32,4,宏昌科技,7.95
163,家电零部件Ⅲ,BK1455,5169.41,73.54,1.44,411649200000,1.99,32,4,宏昌科技,7.95
164,防水材料,BK1465,7895.66,111.17,1.43,49527421000,1.07,3,0,东方雨虹,2.09
165,化妆品制造及其他,BK1497,2661.3,37.59,1.43,31443673000,1.11,6,1,力合科创,3.75
166,安防设备,BK1445,5211.81,72.83,1.42,476014784000,0.51,24,3,中润光学,5.74
167,汽车电子电气系统,BK1529,3963.56,55.56,1.42,486966416000,1.42,34,6,威迈斯,6.78
168,软件开发,BK0737,1177.98,16.21,1.4,1735992544000,1.72,123,12,佳发教育,6.07
169,仪器仪表,BK0458,19245.05,266.64,1.4,368495152000,1.35,55,6,埃科光电,10.64
170,检测服务,BK1566,8102.11,111.82,1.4,152275302000,1.33,21,2,胜科纳米,4.55
171,其他数字媒体,BK1295,737.81,10.09,1.39,8552862000,1.55,2,0,凡拓数创,1.58
172,磨具磨料,BK1397,7282.34,99.92,1.39,113594408000,2.67,12,2,金太阳,4.22
173,其他家电Ⅱ,BK1243,1314.37,17.96,1.39,11765580000,1.33,3,0,荣泰健康,2.22
174,其他家电Ⅲ,BK1456,1314.37,17.96,1.39,11765580000,1.33,3,0,荣泰健康,2.22
175,机床工具,BK1395,1775.91,24.13,1.38,131980383000,1.19,19,0,宁波精达,2.11
176,社会服务,BK1214,4570.11,62.01,1.38,556081248000,1.57,72,13,锦江酒店,8.37
177,其他塑料制品,BK1440,4801.39,65.51,1.38,143143418000,1.56,19,4,万朗磁塑,6.13
178,化学制品,BK0538,32621.2,444.27,1.38,1801594080000,1.51,153,24,凌玮科技,11.11
179,底盘与发动机系统,BK1526,4726.22,63.9,1.37,1205420688000,1.78,88,20,华培动力,9.99
180,光伏电池组件,BK1315,3159.16,42.81,1.37,438115776000,5.07,20,3,国晟科技,9.96
181,金属新材料,BK1288,5619.88,75.71,1.37,379440480000,1.44,28,6,龙磁科技,8.76
182,印刷包装机械,BK1406,2654.86,35.84,1.37,58187590000,1.81,10,2,达 意 隆,3.24
183,板材,BK1367,1008.52,13.5,1.36,566014752000,1.24,15,2,包钢股份,4.78
184,资产管理,BK1364,4099.64,54.99,1.36,40947480000,0.35,4,0,四川双马,2.4
185,专业服务,BK1043,1471.28,19.67,1.36,207325619000,1.07,29,4,胜科纳米,4.55
186,厨卫电器,BK1240,6777.56,90.68,1.36,62292251000,2.12,6,3,亿田智能,10.14
187,航运港口,BK0450,12454.47,166.28,1.35,1297378976000,0.87,26,10,锦江航运,10.04
188,通信工程及服务,BK1588,3214.87,42.7,1.35,110879982000,2.94,15,5,世纪鼎利,4.69
189,胶黏剂及胶带,BK1425,3016.63,39.88,1.34,22366100000,1.9,4,1,聚胶股份,2.6
190,零食,BK1583,1906.0,25.13,1.34,102841731000,0.86,9,2,万辰集团,5.85
191,炼油化工,BK1569,3547.55,46.71,1.33,3413798384000,0.15,9,1,恒力石化,2.96
192,商用载货车,BK1530,2168.68,28.4,1.33,250696749000,0.91,8,1,中国重汽,4.4
193,炼化及贸易,BK1274,3708.81,48.07,1.31,3610850496000,0.27,24,6,齐翔腾达,9.12
194,其他医疗服务,BK1599,5028.4,64.49,1.3,25555529000,3.46,4,1,诺禾致源,3.24
195,氟化工,BK1424,12695.1,163.19,1.3,274294048000,1.35,8,2,昊华科技,2.86
196,卫浴制品,BK1541,735.27,9.29,1.28,39423788000,0.95,5,2,松霖科技,4.41
197,垂直应用软件,BK1447,9120.64,115.46,1.28,1143011728000,2.01,89,11,佳发教育,6.07
198,计算机设备,BK0735,1650.84,20.65,1.27,1242439328000,1.28,75,13,道通科技,7.89
199,信托,BK1363,2161.66,27.2,1.27,80046198000,0.42,3,0,国网英大,1.57
200,专业工程,BK1248,4257.05,53.07,1.26,482262720000,2.68,31,9,柏诚股份,9.98
201,棉纺,BK1349,2848.52,34.76,1.24,55972279000,2.02,6,3,孚日股份,10.03
202,钢铁,BK0479,9377.44,114.93,1.24,1049911200000,1.07,38,5,包钢股份,5.18
203,专业工程,BK1248,4256.17,52.19,1.24,482193744000,2.68,31,9,柏诚股份,9.98
204,机械设备,BK1205,4705.35,57.85,1.24,5988109568000,2.03,488,109,卓郎智能,9.89
205,信托,BK1363,2160.55,26.09,1.22,79989013000,0.42,3,0,陕国投Ａ,1.47
206,农用机械,BK1404,1822.68,21.98,1.22,48751872000,0.74,9,0,威马农机,3.78
207,汽车,BK1211,4424.78,52.79,1.21,5232173056000,1.28,254,61,华培动力,9.99
208,电视广播Ⅱ,BK1219,1440.65,17.17,1.21,157991342000,1.68,12,2,电广传媒,4.39
209,其他计算机设备,BK1446,8408.67,100.59,1.21,766485904000,1.7,51,10,道通科技,7.85
210,工程机械整机,BK1393,4709.01,56.33,1.21,586544016000,1.47,16,5,三一重工,4.84
211,电视广播Ⅲ,BK1291,1440.65,17.17,1.21,157991342000,1.68,12,2,电广传媒,4.28
212,通用设备,BK0545,49175.34,584.82,1.2,1941189248000,2.78,205,40,佳力图,10.01
213,服装家纺,BK1225,2500.93,29.77,1.2,340613712000,1.27,39,19,美邦服饰,10.18
214,包装印刷,BK1265,4101.5,48.27,1.19,284316704000,2.53,37,10,大胜达,10.0
215,风电零部件,BK1313,2524.05,29.72,1.19,305492912000,4.35,18,7,锡华科技,9.99
216,特种纸,BK1545,2524.28,29.58,1.19,73715998000,1.72,9,3,安妮股份,3.77
217,其他种植业,BK1516,1026.55,12.02,1.18,47803104000,1.95,3,2,宏辉果蔬,5.73
218,数字媒体,BK1221,6603.01,76.96,1.18,217712329000,2.06,14,1,昆仑万维,4.96
219,线下药店,BK1606,3722.22,43.49,1.18,86830667000,0.87,8,0,大参林,3.09
220,水产养殖,BK1514,713.78,8.23,1.17,13162260000,1.59,3,1,大湖股份,4.12
221,工业金属,BK1287,3403.64,39.42,1.17,3260120800000,1.81,43,15,丽岛新材,10.01
222,其他汽车零部件,BK1528,5142.72,59.45,1.17,367068112000,1.47,44,9,华达科技,8.14
223,普钢,BK1226,919.8,10.59,1.16,618625744000,1.19,20,2,包钢股份,5.18
224,输变电设备,BK1311,4720.65,54.18,1.16,650585248000,2.06,24,6,思源电气,2.97
225,电力设备,BK1200,6935.88,78.89,1.15,8935963904000,2.87,312,82,通达股份,10.01
226,有机硅,BK1431,3203.05,36.4,1.15,106841045000,0.88,10,0,润禾材料,2.35
227,有色金属,BK0478,28110.56,316.85,1.14,6078347520000,1.98,103,38,丽岛新材,10.01
228,钾肥,BK1434,2831.55,31.68,1.13,406305008000,1.13,2,2,藏格矿业,3.9
229,非运动服装,BK1352,2196.21,24.43,1.12,243529696000,1.23,22,16,美邦服饰,10.18
230,其他专业服务,BK1567,1061.25,11.73,1.12,14112580000,0.92,3,1,零点有数,3.48
231,仓储物流,BK1486,4611.7,51.05,1.12,38193766000,0.89,5,0,密尔克卫,3.0
232,传媒,BK0486,10707.36,117.05,1.11,1688459680000,1.68,100,26,完美世界,10.02
233,培训教育,BK1557,4684.26,51.53,1.11,54787367000,1.15,9,1,中国高科,4.63
234,教育出版,BK1290,2278.2,24.89,1.1,133648798000,0.51,10,0,世纪天鸿,2.69
235,基础化工,BK1206,3805.59,41.34,1.1,5032779520000,1.93,351,90,星辉环材,20.0
236,铅锌,BK1614,2550.1,27.74,1.1,230847134000,1.45,11,1,株冶集团,1.84
237,旅游零售Ⅲ,BK1549,7651.23,83.31,1.1,158968761000,0.71,2,0,中国中免,1.34
238,其他通用设备,BK1398,5959.84,65.03,1.1,413319536000,2.06,46,8,开山股份,5.43
239,小金属,BK1027,3773.94,41.15,1.1,1086741280000,2.52,19,6,宝武镁业,5.78
240,旅游零售Ⅱ,BK1269,7651.23,83.31,1.1,158968761000,0.71,2,0,中国中免,1.34
241,化学纤维,BK0471,19076.59,205.99,1.09,301851680000,1.88,22,4,新凤鸣,5.91
242,能源及重型设备,BK1403,2512.45,27.0,1.09,593846544000,1.19,48,12,电光科技,6.64
243,无机盐,BK1422,2888.27,31.08,1.09,100416160000,1.4,8,2,振华股份,3.51
244,LED,BK1333,8196.91,87.9,1.08,276859920000,3.37,24,5,晨丰科技,7.75
245,楼宇设备,BK1402,2528.05,26.69,1.07,102323092000,1.53,13,3,通用电梯,4.75
246,涂料油墨,BK1430,3390.56,35.57,1.06,72442163000,1.55,14,2,信凯科技,2.14
247,火电设备,BK1321,1529.06,16.11,1.06,28753163000,1.69,4,0,西子洁能,1.92
248,租赁,BK1365,3200.23,33.52,1.06,79306144000,0.71,2,1,渤海租赁,3.02
249,会展服务,BK1565,1119.37,11.63,1.05,15312045000,0.66,3,0,兰生股份,1.76
250,橡胶,BK1018,1626.49,16.74,1.04,130426523000,1.45,17,6,利通科技,5.54
251,互联网电商,BK1268,2859.87,29.52,1.04,125329121000,1.06,12,4,若羽臣,7.42
252,品牌消费电子,BK1337,2678.78,27.4,1.03,283196464000,0.86,9,2,绿联科技,4.28
253,机场,BK1480,2015.19,20.58,1.03,155785937000,0.4,4,1,深圳机场,2.24
254,白酒Ⅱ,BK1277,4825.82,49.18,1.03,2907059568000,0.71,20,1,古井贡酒,4.08
255,白酒Ⅲ,BK1575,4825.82,49.18,1.03,2907059568000,0.71,20,1,古井贡酒,4.08
256,非银金融,BK1203,2508.05,25.13,1.01,7003965696000,0.49,70,9,爱建集团,10.04
257,纺织服饰,BK0436,14288.58,142.39,1.01,688512016000,1.3,74,32,美邦服饰,10.18
258,厨房小家电,BK1457,2285.55,22.94,1.01,82084070000,0.86,9,2,北鼎股份,2.6
259,证券Ⅲ,BK1366,138443.15,1372.4,1.0,3426683040000,0.47,45,3,广发证券,2.73
260,熟食,BK1584,2203.9,21.72,1.0,23701401000,0.72,2,1,ST绝味,3.68
261,证券Ⅱ,BK0473,138443.15,1372.4,1.0,3426683040000,0.47,45,3,广发证券,2.73
262,其他家居用品,BK1540,7077.7,69.1,0.99,203602547000,1.49,15,9,张小泉,6.81
263,印刷,BK1534,4789.41,46.94,0.99,25573618000,4.26,5,0,鸿博股份,2.58
264,耐火材料,BK1467,2250.73,21.95,0.98,34871366000,0.68,7,1,北京利尔,1.73
265,固废治理,BK1389,3172.66,30.92,0.98,351553200000,1.65,23,10,万德斯,12.87
266,纺织服装设备,BK1401,3566.9,34.64,0.98,79156340000,2.52,10,3,卓郎智能,9.89
267,纺织制造,BK1224,2693.82,25.83,0.97,207891043000,1.61,23,9,孚日股份,10.03
268,休闲食品,BK1281,2217.03,20.68,0.94,171585722000,0.78,17,5,万辰集团,5.85
269,其他小金属,BK1624,5167.06,47.42,0.93,434857712000,3.07,11,4,宝武镁业,5.84
270,电池,BK1033,1484.26,13.65,0.93,3750243536000,2.83,77,24,圣阳股份,9.99
271,风电设备,BK1032,1695.15,15.67,0.93,511551888000,3.71,20,10,锡华科技,9.99
272,金属制品,BK1396,5862.59,54.26,0.93,769541888000,4.26,58,21,瑞迪智驱,12.42
273,金融控股,BK1359,2406.88,22.02,0.92,299207536000,1.05,7,2,爱建集团,10.04
274,石油石化,BK0464,7449.93,67.15,0.91,5873448704000,0.45,31,16,博迈科,10.01
275,电网设备,BK0457,41168.94,368.58,0.9,1912880448000,2.5,108,28,通达股份,10.01
276,膜材料,BK1439,3454.87,30.88,0.9,208123103000,5.54,13,7,平安电工,5.72
277,钢结构,BK1474,3217.06,28.24,0.89,72061954000,2.23,7,3,东南网架,5.81
278,纯碱,BK1417,1222.0,10.73,0.89,60749357000,1.16,4,1,三友化工,3.46
279,冶钢辅料,BK1372,6166.18,54.34,0.89,119132297000,0.67,4,0,鄂资Ｂ股,1.37
280,成品家居,BK1537,2652.06,23.44,0.89,121272245000,0.89,16,1,匠心家居,3.72
281,水产饲料,BK1509,6378.51,55.37,0.88,98206315000,1.02,3,1,天马科技,2.36
282,电网自动化设备,BK1309,7441.57,64.67,0.88,514535536000,1.42,19,9,中元股份,7.78
283,轻工制造,BK1212,3601.12,31.34,0.88,1133375712000,1.7,127,41,大胜达,10.0
284,建筑材料,BK1208,3860.2,33.65,0.88,1033887456000,1.25,47,20,山东玻纤,10.01
285,家居用品,BK0440,51249.14,442.75,0.87,538630352000,1.07,57,18,张小泉,6.81
286,工程机械,BK0739,2334.03,20.09,0.87,784973328000,1.48,24,10,恒立液压,7.86
287,建筑装饰,BK1209,3264.1,27.83,0.86,2105609232000,1.61,115,45,柏诚股份,9.98
288,人工景区,BK1562,3148.98,26.55,0.85,39901179000,0.99,3,2,大连圣亚,3.89
289,瓷砖地板,BK1538,1358.01,11.32,0.84,75432783000,0.84,11,1,蒙娜丽莎,2.44
290,门户网站,BK1294,3186.36,26.56,0.84,124892222000,1.83,8,1,昆仑万维,4.96
291,教育,BK0740,660.91,5.5,0.84,88958218000,1.11,12,2,中国高科,4.63
292,锦纶,BK1414,648.74,5.37,0.83,25598934000,1.07,3,1,神马股份,4.03
293,学历教育,BK1558,2379.33,19.31,0.82,12765109000,0.71,2,0,国脉科技,1.05
294,多元金融,BK0738,651.79,5.3,0.82,590768592000,0.84,20,6,爱建集团,10.04
295,其他橡胶制品,BK1441,4855.54,38.97,0.81,64372129000,1.62,11,4,利通科技,5.54
296,配电设备,BK1310,3940.42,31.33,0.8,250838893000,2.04,22,4,柘中股份,3.3
297,钢铁管材,BK1368,740.24,5.83,0.79,31349531000,0.71,3,0,武进不锈,1.34
298,农药,BK1436,3344.43,25.62,0.77,267858838000,1.15,24,9,湖南海利,3.86
299,专业连锁Ⅱ,BK1270,1500.64,11.31,0.76,54831401000,1.35,5,2,吉峰科技,3.1
300,国际工程,BK1475,3026.1,22.85,0.76,65534729000,3.81,3,1,中材国际,1.65
301,专业连锁Ⅲ,BK1555,1500.64,11.31,0.76,54831401000,1.35,5,2,吉峰科技,3.1
302,锂电池,BK1303,18352.54,136.77,0.75,2471325776000,3.46,23,8,震裕科技,8.21
303,汽车综合服务,BK1524,1102.14,8.08,0.74,40772354000,1.11,4,1,中国汽研,2.38
304,渔业,BK1260,1114.15,8.05,0.73,20051770000,1.52,5,2,大湖股份,4.12
305,冶钢原料,BK1228,4105.73,29.47,0.72,210418351000,0.76,7,2,河钢资源,2.68
306,其他通信设备,BK1590,5991.49,42.79,0.72,95572848000,1.25,11,3,朗威股份,2.59
307,肉鸡养殖,BK1511,3207.55,22.64,0.71,67431221000,0.94,6,2,圣农发展,1.53
308,跨境物流,BK1488,1813.64,12.85,0.71,188089758000,0.6,9,4,嘉友国际,2.97
309,房地产服务,BK1045,1265.36,8.76,0.7,57977304000,2.46,7,5,宁波富达,10.08
310,快递,BK1489,5597.4,39.1,0.7,303974048000,0.45,3,0,申通快递,1.82
311,商用车,BK1264,2966.32,20.61,0.7,358349920000,1.42,10,4,中国重汽,4.31
312,其他金属新材料,BK1619,3598.41,24.62,0.69,206154017000,1.45,15,5,屹通新材,3.96
313,非白酒,BK1279,2149.11,14.7,0.69,247661434000,0.89,11,6,会稽山,9.98
314,动力煤,BK1493,2196.64,14.87,0.68,1973684384000,0.73,12,4,甘肃能化,4.55
315,造纸,BK1267,2740.36,18.25,0.67,181813712000,1.13,17,6,安妮股份,3.77
316,调味发酵品Ⅲ,BK1576,4819.94,31.88,0.67,383433792000,1.85,10,5,日辰股份,2.85
317,跨境电商,BK1547,2500.75,16.59,0.67,48468785000,2.38,4,2,星徽股份,4.06
318,调味发酵品Ⅱ,BK1278,4819.94,31.88,0.67,383433792000,1.85,10,5,日辰股份,2.85
319,食品饮料,BK0438,27890.75,183.83,0.66,4424074240000,1.22,93,34,会稽山,9.98
320,水泥制造,BK1464,2428.25,15.75,0.65,303200608000,0.63,9,2,华新建材,7.45
321,房屋建设Ⅱ,BK1246,2278.77,14.63,0.65,293222064000,0.79,3,3,宁波建工,6.15
322,房屋建设Ⅲ,BK1470,2278.77,14.63,0.65,293222064000,0.79,3,3,宁波建工,6.15
323,油品石化贸易,BK1571,3303.89,20.94,0.64,71906138000,1.87,4,3,和顺石油,3.09
324,民爆制品,BK1427,5116.08,32.29,0.64,136346963000,1.72,8,4,高争民爆,4.1
325,其他化学纤维,BK1415,3215.4,20.13,0.63,111644270000,1.54,7,1,双欣材料,1.87
326,交通运输,BK1210,2616.84,16.02,0.62,3565484544000,0.71,79,46,锦江航运,10.04
327,玻璃制造,BK1461,2133.74,13.16,0.62,67743442000,1.07,6,3,凯盛新能,1.61
328,商业物业经营,BK1554,1793.84,11.02,0.62,204160887000,0.55,12,3,小商品城,2.86
329,电池化学品,BK1302,12295.91,74.0,0.61,971720320000,2.49,29,12,当升科技,3.17
330,端到端供应链服务,BK1491,1732.02,10.43,0.61,25424120000,1.09,5,1,海晨股份,1.86
331,出版,BK1218,2074.07,12.26,0.59,266963930000,0.74,22,6,中信出版,3.01
332,铁矿石,BK1371,2073.27,12.16,0.59,91286054000,1.13,3,2,河钢资源,2.68
333,超市,BK1552,1883.78,10.9,0.58,80668784000,0.63,5,1,家家悦,2.8
334,铝,BK1613,2933.81,17.03,0.58,1133133952000,2.24,20,9,丽岛新材,10.01
335,环保,BK0728,574.91,3.25,0.57,963259840000,1.64,82,52,华宏科技,10.03
336,预加工食品,BK1581,6932.92,39.52,0.57,71466115000,1.96,7,4,千味央厨,3.51
337,股份制银行Ⅲ,BK1610,2408.53,13.71,0.57,2985980272000,0.29,7,1,招商银行,1.48
338,硅料硅片,BK1319,2116.98,11.71,0.56,104200654000,2.17,3,2,TCL中环,2.16
339,航海装备Ⅲ,BK1383,5449.9,28.94,0.53,456987184000,1.24,7,3,*ST松发,3.96
340,钨,BK1625,8171.56,43.04,0.53,248801710000,2.66,3,1,中钨高新,2.64
341,航海装备Ⅱ,BK1230,5449.9,28.94,0.53,456987184000,1.24,7,3,*ST松发,3.96
342,定制家居,BK1539,8215.92,42.65,0.52,98924431000,1.0,10,5,我乐家居,3.67
343,油服工程,BK1275,2285.74,11.86,0.52,287567936000,1.08,7,7,博迈科,10.01
344,线缆部件及其他,BK1312,4079.94,20.65,0.51,401384448000,4.31,28,9,通达股份,10.01
345,复合肥,BK1433,3771.58,18.99,0.51,93486440000,3.98,7,2,ST司特,1.45
346,煤炭开采,BK1250,1750.58,8.71,0.5,2176667216000,0.93,18,7,甘肃能化,4.55
347,影视动漫制作,BK1299,3907.24,19.34,0.5,154404014000,1.61,9,4,华策影视,1.67
348,其他纺织,BK1350,2062.35,10.13,0.49,63240798000,1.88,11,3,聚杰微纤,6.61
349,食品加工,BK1280,4649.62,22.62,0.49,259361348000,1.77,17,10,千味央厨,3.51
350,其他农产品加工,BK1505,2717.19,13.32,0.49,82326849000,0.83,8,2,一致魔芋,2.66
351,农化制品,BK0731,1930.91,9.21,0.48,1118432528000,2.05,39,23,藏格矿业,3.91
352,烘焙食品,BK1582,801.8,3.82,0.48,45058640000,0.73,6,2,元祖股份,2.81
353,综合环境治理,BK1391,1760.53,8.32,0.47,68092801000,2.82,7,8,赛恩斯,7.06
354,文娱用品,BK1266,3775.32,17.62,0.47,128590046000,3.02,16,7,群兴玩具,5.38
355,装修建材,BK0476,16746.89,78.7,0.47,291407136000,0.91,21,11,万里石,3.85
356,肉制品,BK1580,2807.63,12.83,0.46,128947867000,0.89,2,5,金字火腿,3.42
357,辅料,BK1348,2485.45,11.12,0.45,19614395000,0.38,2,2,夜光明,1.59
358,广告媒体,BK1292,2642.42,11.74,0.45,103709107000,0.46,2,1,兆讯传媒,1.12
359,商贸零售,BK1213,2376.23,10.42,0.44,1011142048000,0.99,61,35,若羽臣,7.49
360,农业综合Ⅱ,BK1257,2578.84,10.92,0.43,11807995000,0.99,2,1,润农节水,1.01
361,影视院线,BK1222,3882.73,16.51,0.43,199855743000,1.48,12,5,华策影视,1.67
362,农业综合Ⅲ,BK1506,2578.84,10.92,0.43,11807995000,0.99,2,1,润农节水,1.01
363,产业地产,BK1344,2514.82,10.77,0.43,171618630000,0.74,9,4,张江高科,3.2
364,装修装饰Ⅲ,BK1478,876.02,3.65,0.42,118019580000,1.4,8,13,德才股份,10.0
365,长材,BK1369,622.15,2.6,0.42,21449138000,0.52,2,0,三钢闽光,0.78
366,装修装饰Ⅱ,BK0725,876.02,3.65,0.42,118019580000,1.4,8,13,德才股份,10.0
367,保健品,BK1579,3877.82,15.8,0.41,58947366000,3.29,8,1,康比特,2.07
368,电信运营商,BK1587,968.05,3.92,0.41,2695559680000,0.12,3,0,中国联通,0.9
369,种植业,BK1261,2774.37,11.22,0.41,170029768000,2.09,8,12,华绿生物,11.24
370,综合电商,BK1548,1189.88,4.64,0.39,32624060000,0.39,2,1,国联股份,1.97
371,钟表珠宝,BK1357,2196.01,7.65,0.35,134137339000,0.95,12,4,潮宏基,3.59
372,水泥,BK0424,30301.3,104.96,0.35,337893664000,0.71,13,6,华新建材,7.45
373,软饮料,BK1586,1849.57,6.21,0.34,195114066000,0.95,5,3,东鹏饮料,3.02
374,饰品,BK0734,444.42,1.46,0.33,139943539000,0.88,12,4,潮宏基,3.59
375,工程机械器件,BK1392,16457.6,52.21,0.32,198424216000,1.59,8,5,恒立液压,7.82
376,环境治理,BK1235,2541.41,8.12,0.32,806873152000,1.44,60,47,万德斯,12.87
377,大众出版,BK1289,1856.62,5.67,0.31,133301440000,0.94,12,6,中信出版,3.01
378,其他建材Ⅲ,BK1468,4785.07,14.5,0.3,128305699000,1.17,6,8,万里石,3.85
379,饮料乳品,BK1282,2311.33,6.92,0.3,455088032000,1.14,18,7,东鹏饮料,3.02
380,汽车服务,BK1016,990.95,2.94,0.3,63708277000,0.91,7,4,中国汽研,2.38
381,畜禽饲料,BK1508,2137.68,6.13,0.29,60892317000,0.93,5,2,邦基科技,1.53
382,综合包装,BK1536,1397.47,4.0,0.29,18082430000,1.45,4,2,方大新材,1.63
383,乳品,BK1585,2309.58,6.57,0.29,259973958000,1.21,13,4,三元股份,2.21
384,园林工程,BK1473,3715.72,10.22,0.28,89338669000,3.39,12,7,ST岭南,3.68
385,商业地产,BK1345,1309.53,3.52,0.27,231047606000,0.45,6,2,华侨城Ａ,1.38
386,管材,BK1466,1941.73,5.15,0.27,38634813000,0.65,4,1,青龙管业,0.83
387,钛白粉,BK1421,1988.76,5.2,0.26,73037757000,1.35,5,1,惠云钛业,1.45
388,航空装备Ⅲ,BK1384,4826.05,12.58,0.26,1116646400000,0.99,29,18,广联航空,3.73
389,航空装备Ⅱ,BK1231,4826.05,12.58,0.26,1116646400000,0.99,29,18,广联航空,3.73
390,物流,BK0422,7827.37,19.54,0.25,709526480000,0.76,29,13,广汇物流,3.92
391,一般零售,BK0482,17770.46,44.32,0.25,508624416000,0.82,33,22,小商品城,2.86
392,贸易Ⅲ,BK1550,11542.05,28.06,0.24,163361457000,1.93,9,7,凯瑞德,4.86
393,贸易Ⅱ,BK0484,11542.05,28.06,0.24,163361457000,1.93,9,7,凯瑞德,4.86
394,化学原料,BK1019,1125.96,2.54,0.23,912911936000,1.63,44,19,江苏索普,7.1
395,卫浴电器,BK1452,1669.51,3.59,0.22,19155191000,1.46,1,1,奥普科技,0.87
396,焦煤,BK1494,1181.68,2.47,0.21,202982827000,1.48,6,3,恒源煤电,2.02
397,多业态零售,BK1553,1576.99,3.04,0.19,80830505000,0.86,7,6,新华百货,2.01
398,其他化学原料,BK1420,3448.1,6.6,0.19,182520556000,1.86,13,5,佳先股份,2.59
399,军工电子Ⅲ,BK1386,7314.5,13.88,0.19,1134265840000,2.33,39,24,华丰科技,6.07
400,军工电子Ⅱ,BK1233,7314.5,13.88,0.19,1134265840000,2.33,39,24,华丰科技,6.07
401,氯碱,BK1418,2373.15,4.33,0.18,180414161000,1.23,9,5,北元集团,2.91
402,院线,BK1300,735.85,1.32,0.18,45451728000,0.85,3,1,万达电影,0.61
403,农林牧渔,BK0433,15422.27,25.61,0.17,1356524880000,1.56,60,43,华绿生物,11.24
404,国防军工,BK1204,6348.35,10.37,0.16,3333175056000,1.75,82,59,理工导航,11.36
405,粘胶,BK1416,2140.33,3.43,0.16,27192319000,3.81,2,1,新乡化纤,2.75
406,海洋捕捞,BK1513,1291.51,1.85,0.14,6889510000,1.16,2,1,开创国际,1.02
407,大宗用纸,BK1544,2328.37,3.18,0.14,108120122000,0.87,8,3,岳阳林纸,3.17
408,广告营销,BK1220,5232.08,6.94,0.13,337449472000,2.29,15,11,省广集团,3.4
409,娱乐用品,BK1543,3023.58,3.95,0.13,85162523000,3.97,11,7,群兴玩具,5.38
410,原材料供应链服务,BK1490,3317.64,4.23,0.13,124311270000,0.75,5,5,广汇物流,3.92
411,通信线缆及配套,BK1592,21470.37,25.17,0.12,597622784000,6.87,5,7,永鼎股份,8.87
412,营销代理,BK1293,4972.75,4.87,0.1,233740372000,3.73,13,10,省广集团,3.4
413,城商行Ⅲ,BK1609,1551.91,1.45,0.09,1260588640000,0.39,9,7,青岛银行,1.35
414,金融信息服务,BK1360,4740.35,4.34,0.09,36629105000,1.75,2,1,拉卡拉,1.66
415,电动乘用车,BK1519,6251.79,5.62,0.09,1142689072000,1.1,2,1,北汽蓝谷,1.54
416,期货,BK1361,560.26,0.37,0.07,54681325000,0.89,2,2,南华期货,1.79
417,银行,BK1283,4158.17,2.47,0.06,15193732608000,0.18,20,16,招商银行,1.48
418,银行Ⅱ,BK0475,4158.17,2.47,0.06,15193732608000,0.18,20,16,招商银行,1.48
419,基础建设,BK1247,2417.29,0.73,0.03,987050096000,1.51,31,16,北新路桥,10.02
420,其他饰品,BK1356,649.4,0.0,0.0,5806199000,0.39,0,0,瑞贝卡,0.0
421,燃气Ⅲ,BK1381,2020.61,-0.17,-0.01,310886064000,1.52,14,14,中泰股份,3.04
422,燃气Ⅱ,BK1028,2020.61,-0.17,-0.01,310886064000,1.52,14,14,中泰股份,3.04
423,磷肥及磷化工,BK1435,3542.0,-0.81,-0.02,229812344000,1.77,4,5,川金诺,1.37
424,水务及水治理,BK1390,2120.36,-1.18,-0.06,305872208000,0.91,25,26,中晟高科,3.08
425,房地产,BK1202,2084.01,-1.33,-0.06,1076218784000,0.93,53,39,宁波富达,10.08
426,公交,BK1484,1732.65,-1.15,-0.07,39583462000,0.54,5,2,大众交通,1.26
427,汽车经销商,BK1523,1549.22,-1.1,-0.07,22935922000,0.72,3,3,德众汽车,0.91
428,煤炭,BK0437,13247.01,-10.92,-0.08,2242132160000,1.13,20,12,甘肃能化,4.55
429,百货,BK1551,2078.08,-2.02,-0.1,142964239000,1.13,9,12,友阿股份,1.75
430,水泥制品,BK1463,2359.95,-3.02,-0.13,34693054000,1.2,4,4,西部建设,1.17
431,基建市政工程,BK1472,2378.03,-3.26,-0.14,897711424000,1.31,19,9,北新路桥,10.02
432,乘用车,BK1262,4841.3,-6.7,-0.14,1705952000000,0.62,4,4,北汽蓝谷,1.54
433,运动服装,BK1355,3229.91,-4.5,-0.14,20878862000,1.99,2,1,泰慕士,0.36
434,教育运营及其他,BK1556,1680.83,-2.38,-0.14,21405740000,1.18,1,1,博瑞传播,0.62
435,核力发电,BK1376,659.92,-0.99,-0.15,526509472000,0.42,1,2,电投产融,0.32
436,房地产开发,BK0451,14489.79,-23.61,-0.16,1018241488000,0.84,46,34,张江高科,3.2
437,金属包装,BK1532,3001.77,-5.18,-0.17,64911261000,1.22,5,2,昇兴股份,1.3
438,航天装备Ⅲ,BK1385,5839.72,-12.27,-0.21,460483552000,2.21,1,8,理工导航,11.36
439,航天装备Ⅱ,BK1232,5839.72,-12.27,-0.21,460483552000,2.21,1,8,理工导航,11.36
440,港口,BK1481,1671.16,-3.56,-0.21,562584384000,0.47,7,9,南 京 港,1.69
441,国有大型银行Ⅲ,BK1611,3041.0,-6.95,-0.23,10673765376000,0.1,3,2,农业银行,0.3
442,综合乘用车,BK1520,3334.65,-8.44,-0.25,563262928000,0.49,2,3,上汽集团,1.17
443,农商行Ⅲ,BK1612,466.91,-1.35,-0.29,273398352000,0.56,1,6,沪农商行,0.44
444,物业管理,BK1343,1957.0,-6.53,-0.33,29894327000,2.27,4,4,招商积余,1.33
445,摩托车,BK1521,3621.69,-12.4,-0.34,158422593000,1.44,6,3,春风动力,5.31
446,风电整机,BK1314,2098.21,-7.54,-0.36,206058964000,2.7,2,3,电气风电,2.0
447,住宅开发,BK1346,1971.94,-7.26,-0.37,615575248000,0.95,31,28,信达地产,2.66
448,大气治理,BK1388,3641.39,-14.35,-0.39,81280153000,3.25,5,3,福鞍股份,2.96
449,地面兵装Ⅲ,BK1382,4230.79,-17.04,-0.4,164786187000,3.08,6,6,光电股份,3.86
450,地面兵装Ⅱ,BK1229,4230.79,-17.04,-0.4,164786187000,3.08,6,6,光电股份,3.86
451,啤酒,BK1577,2693.6,-11.6,-0.43,178216360000,0.68,5,2,青岛啤酒,1.86
452,商用载客车,BK1531,4000.11,-17.25,-0.43,107680461000,3.69,2,3,宇通客车,2.62
453,铁路公路,BK0421,8882.94,-38.94,-0.44,836980000000,0.36,12,22,三羊马,1.69
454,综合Ⅲ,BK1627,13469.41,-60.4,-0.45,212464690000,1.39,6,11,东阳光,3.0
455,综合,BK1217,13469.41,-60.4,-0.45,212464690000,1.39,6,11,东阳光,3.0
456,综合Ⅱ,BK0539,13469.41,-60.4,-0.45,212464690000,1.39,6,11,东阳光,2.97
457,农产品加工,BK1256,2454.33,-11.41,-0.46,305240304000,1.37,12,10,一致魔芋,2.66
458,高速公路,BK1483,2718.99,-12.86,-0.47,381147792000,0.44,5,15,海南高速,1.42
459,油气开采Ⅲ,BK1574,4780.12,-26.96,-0.56,1974449744000,2.33,0,3,洲际油气,0.0
460,油气开采Ⅱ,BK1276,4780.12,-26.96,-0.56,1974449744000,2.33,0,3,洲际油气,0.0
461,养殖业,BK1259,3879.32,-22.25,-0.57,551255072000,0.77,9,10,圣农发展,1.53
462,能源金属,BK1015,980.01,-6.16,-0.62,571002624000,3.32,3,8,华友钴业,2.83
463,摩托车及其他,BK1263,3941.01,-26.77,-0.67,242201349000,1.5,8,11,春风动力,5.31
464,铁路运输,BK1485,1585.42,-11.24,-0.7,416248736000,0.31,2,5,三羊马,1.69
465,种子,BK1518,4491.66,-38.18,-0.84,63333702000,2.57,2,8,万向德农,0.82
466,涂料,BK1469,1231.02,-10.47,-0.84,40078092000,0.77,1,1,三棵树,0.77
467,煤化工,BK1419,2136.27,-18.57,-0.86,315761696000,2.6,5,5,江苏索普,7.1
468,油田服务,BK1573,2054.13,-17.99,-0.87,203512027000,0.72,3,5,石化油服,1.06
469,氮肥,BK1432,2321.16,-20.96,-0.89,120931186000,3.48,1,5,四川美丰,0.69
470,热力服务,BK1379,3247.44,-30.73,-0.94,136604814000,4.92,9,9,协鑫能科,8.16
471,电能综合服务,BK1373,3698.17,-35.46,-0.95,248134011000,2.06,5,11,山高环能,2.61
472,其他运输设备,BK1522,2139.89,-21.07,-0.98,83778756000,1.65,2,8,九号公司-WD,1.76
473,果蔬加工,BK1503,2915.53,-30.65,-1.04,33783092000,0.92,2,3,国投中鲁,0.69
474,公用事业,BK0427,10061.62,-109.44,-1.08,4297737216000,1.84,51,87,协鑫能科,8.16
475,生猪养殖,BK1512,4052.39,-46.5,-1.13,472748976000,0.7,3,6,牧原股份,0.79
476,光伏发电,BK1375,4027.76,-48.56,-1.19,162470536000,6.2,6,7,珈伟新能,2.19
477,水力发电,BK1380,4045.55,-52.6,-1.28,1140589840000,0.57,1,8,桂冠电力,3.39
478,粮油加工,BK1504,1594.72,-21.84,-1.35,189130356000,3.08,2,5,索宝蛋白,0.69
479,电力,BK0428,20652.79,-289.81,-1.38,3986851184000,1.86,37,73,协鑫能科,8.16
480,火力发电,BK1377,2377.1,-35.54,-1.47,1051557136000,1.73,12,22,京能电力,2.56
481,逆变器,BK1320,22183.44,-354.9,-1.57,541580496000,5.95,3,6,上能电气,1.67
482,粮食种植,BK1515,1107.86,-20.34,-1.8,42917963000,1.42,0,2,苏垦农发,-1.57
483,锂,BK1621,17877.78,-329.43,-1.81,425176976000,3.76,0,8,天齐锂业,-0.13
484,风力发电,BK1374,2334.53,-44.83,-1.88,706725360000,2.22,3,12,珠海港,0.9
485,其他养殖,BK1510,995.98,-19.49,-1.92,11074867000,1.13,0,2,华英农业,0.0
486,焦炭Ⅲ,BK1492,912.12,-20.94,-2.24,65464934000,2.36,2,5,山西焦化,0.46
487,焦炭Ⅱ,BK1249,912.12,-20.94,-2.24,65464934000,2.36,2,5,山西焦化,0.46
488,轨交设备Ⅲ,BK1394,1889.4,-44.26,-2.29,461025040000,2.77,6,26,朗进科技,5.95
489,轨交设备Ⅱ,BK1236,1889.4,-44.26,-2.29,461025040000,2.77,6,26,朗进科技,5.95
490,公路货运,BK1487,4780.62,-125.69,-2.56,29533516000,1.85,2,3,传化智联,2.61
491,医美服务,BK1499,642.41,-16.96,-2.57,6095350000,1.52,0,1,*ST美谷,-2.57
492,林业Ⅲ,BK1502,5371.07,-166.49,-3.01,30698040000,14.46,1,3,ST景谷,1.87
493,林业Ⅱ,BK1255,5371.07,-166.49,-3.01,30698040000,14.46,1,3,ST景谷,1.87
494,体育Ⅲ,BK1564,1229.41,-83.94,-6.39,13444021000,9.3,0,2,中体产业,-4.09
495,体育Ⅱ,BK1273,1229.41,-83.94,-6.39,13444021000,9.3,0,2,中体产业,-4.09
496,其他能源发电,BK1378,1843.43,-143.16,-7.21,14259996000,7.1,0,2,长青集团,-5.98
